{
  "realm" : "master",
  "users" : [ {
    "id" : "78692b4e-f3e6-4829-9e8d-8e85637b8ca8",
    "createdTimestamp" : 1611244116817,
    "username" : "adminuser",
    "enabled" : true,
    "totp" : false,
    "emailVerified" : false,
    "credentials" : [ {
      "id" : "cf90d93d-bea9-4f12-9d8f-03e06dbd4345",
      "type" : "password",
      "createdDate" : 1611244116964,
      "secretData" : "{\"value\":\"eguD488WwVtqokdVfCdvBLan7FPTwjlv/eAdqGcrtJh3iau9uUOPq9Jd4OGyjAHeuk2SPq9DQV+QTPiazCZgfA==\",\"salt\":\"NLgT4JtncPvDUFObNzaJmQ==\",\"additionalParameters\":{}}",
      "credentialData" : "{\"hashIterations\":27500,\"algorithm\":\"pbkdf2-sha256\",\"additionalParameters\":{}}"
    } ],
    "disableableCredentialTypes" : [ ],
    "requiredActions" : [ ],
    "realmRoles" : [ "uma_authorization", "offline_access", "admin" ],
    "clientRoles" : {
      "account" : [ "manage-account", "view-profile" ]
    },
    "notBefore" : 0,
    "groups" : [ ]
  } ]
}