INSERT INTO Organizations ( id, name , description ) VALUES
(0,'E-Shop Organization','This org manages company e-shops'),
(1,'E-Care Organization','This org manages company e-cares & self-cares');

INSERT INTO Teams ( id, name, description, organizationid ) VALUES
(1,'E-shop checkout team','The team responsible for the checkout feature', 0),
(2,'E-shop listings team','The team responsible for the products listing feature', 0),
(3,'E-care customer learning','The team responsible for customer learnings', 1),
(4,'E-care self-service team', 'The team responible for self-service tools', 1),
(5,'E-care app team', 'The team responible for the mobile application', 1);

INSERT INTO KnowledgeLevels ( id, name , description ) VALUES 
(1,'I do not know this technology','I have never worked with this technology, maybe I have read about this but I have not used it'),
(2,'Learner','I have started to work with this technology, I am following a tutorial or training and I need help to solve my day-to-day problems yet'),
(3,'Medium level','I defend myself, I can solve my day-to-day problems with this technology'),
(4,'Avanced level','Puedo resolver cualquier problema con esta tecnología utilizando mejores prácticas'),
(5,'Expert level','Tiene pocos secretos para mí, puedo dar clases avanzadas sobre buenas prácticas, estoy al día sobre última tendencias sobre esta tecnología y domino el API');

INSERT INTO ExperienceRanges ( id, name , description ) VALUES 
(1,'I do not know this technology','I have never worked with this technology'),
(2,'Less than 1 year','I have worked with this technology less than 1 year'),
(3,'Between 1 and 2 years','I have worked with this technology less than 2 years'),
(4,'Between 2 and 4 years','I have worked with this technology less than 4'),
(5,'More than 4 years','I have worked with this technology more than 4 years');

INSERT INTO Skills ( id, name , description ) VALUES 
(1,'Typescript','Typescript language'),
(2,'HTML5','HTML5 language'),
(3,'Styled components with CSS', 'Styled components technology used with native CSS'),
(4,'React', 'React UI library to render user interfaces'),
(5,'Clean Code','Format rules, classes and method size, best practices that allow us to have a more maintainable software'),
(6,'Testing','Automatic testing best practices, patterns and concepts'),
(7,'Object Oriented Programming','The whole paradigm'),
(8,'Design principles','Best practices related to object-oriented design decisions and patterns'),
(9,'Code smells','Bad code smells are symptoms of a bad decision in an existing code that could produce maintainability issues'),
(10,'Code refactors','Change we should do if we detect a code smell in order to remove it'),
(11,'Design patterns','Battle-proven solutions to solve known problems about objects design'),
(12,'Architecture','Conocimientos de arquitecturas como CQRS, Hexagonal, n-capas, etc'),
(13,'NodeJS & Express','NodeJS back-end javascript runtime and express HTTP server'),
(14,'NPM','Node Package Manager'),
(15,'VSCode','Multi-platform IDE'),
(16,'Jenkins','Jobs server used to create CI & CD pipelines'),
(17,'EKS & Docker','Elastic Kubernetes Service in AWS and Docker containers'),
(18,'GIT','Software for tracking changes in any set of files');

INSERT INTO Roles ( id, name , description ) VALUES 
(1,'SE I','Software Engineer level I'),
(2,'SE II','Software Engineer level II'),
(3,'Senior SE I','Senior Software Enginer level I'),
(4,'Senior SE II','Senior Software Engineer second level II'),
(5,'Technical Lead','Technical Lead');

INSERT INTO ProjectTypes ( id, name , description ) VALUES
(0, 'Microservice', 'Backend microservice'),
(1, 'BFF microservice', 'Backend for frontend microservice'),
(2, 'Microfrontend', 'An UI feature hosted by an UI application');

/* Generated randomly using https://www.behindthename.com/random/random.php?number=2&sets=1&gender=both&surname=&usage_eng=1*/
INSERT INTO Employees ( id, name, surname, username, slackid, roleid, organizationid) VALUES
(1,'Arthur','Kleyman','akleyman','U01233JDJ143',1,0),
(2,'Ferdinand','Lowhey','flowhey','U012355JD143',2,0),
(3,'Baldovin','Dipaka','bdipaka','U012355JD143',3,0),
(4,'Cajetan','Andrea','candrea','U012355JD143',5,0),
(5,'Tallak','Naila','tnaila','U012355JD143',4,0),
(6,'Theodorus','Kuba','tkuba','U012355JD143',5,0),
(7,'Macaria','Euri','meuri','U012355JD143',2,0),
(8,'Camilla','Subrahmanya','csubrahmanya','U012355JD143',3,0),
(9,'Harish','Yakub','hyakub','U012355JD143',1,0),
(10,'Maja','Alfons','malfons','U012355JD143',2,0),
(11,'Pete','Napoleon','pnapoleon','U012355JD143',3,1),
(12,'Sharleen','Shantae','sshantae','U012355JD143',5,1),
(13,'Shaquille','Courtney','scourtney','U012355JD143',4,1),
(14,'Jaime','Fisher','jfisher','U012355JD143',2,1),
(15,'Lilac','Bonita','lbonita','U012355JD143',3,1),
(16,'Mariel','Katharyn','mkatharyn','U012355JD143',1,1),
(17,'Brandi','Tonia','btonia','U012355JD143',3,1),
(18,'Layne','Charnette','lcharnette','U012355JD143',4,1),
(19,'Gayelord','Nik','gnik','U012355JD143',5,1),
(20,'Pearl','Anaya','panaya','U012355JD143',1,1),
(21,'Topher','Tabitha','ttabitha','U012355JD143',2,1),
(22,'Malcolm','Albie','malbie','U012355JD143',3,1),
(23,'Barbra','Phil','bphil','U012355JD143',2,1),
(24,'Gloria','Lyndsay','glyndsay','U012355JD143',5,1),
(25,'Coty','Melany','cmelany','U012355JD143',2,1);

INSERT INTO EmployeeTeams (teamid, employeeid) VALUES
(1,1),
(1,2),
(1,3),
(1,4),
(1,5),
(2,6),
(2,7),
(2,8),
(2,9),
(2,10),
(3,11),
(3,12),
(3,13),
(3,14),
(3,15),
(4,16),
(4,17),
(4,18),
(4,19),
(4,20),
(5,21),
(5,22),
(5,23),
(5,24),
(5,25);

INSERT INTO Products ( id, name , description ) VALUES
(1, 'e-shop web', 'Online Shop Website'),
(2, 'e-care web', 'Online E-care Website'),
(3, 'self-care app', 'Self care mobile app');

INSERT INTO ProductsOrganizations ( productid, organizationId ) VALUES
(1, 0),
(2, 1),
(3, 1);

INSERT INTO WorkProjectOrganizationProduct ( workprojectid, organizationid, productid ) VALUES 
(15803,0,1),
(55445,1,2),
(77565,1,3);

INSERT INTO EmployeesOrganizationProduct ( employeeid, organizationid, productid ) VALUES 
(1,0,1),
(2,0,1),
(3,0,1),
(4,0,1),
(5,0,1),
(6,0,1),
(7,0,1),
(8,0,1),
(9,0,1),
(10,0,1),
(11,1,2),
(12,1,2),
(13,1,2),
(14,1,2),
(15,1,2),
(16,1,2),
(17,1,2),
(18,1,2),
(19,1,2),
(20,1,2),
(21,1,3),
(22,1,3),
(23,1,3),
(24,1,3),
(25,1,3);

INSERT INTO Projects ( id, organizationid, coderepositoryid, name, projecttypeid, codeanalyzerprojectid, repositorypackageid, documentationspacename, documentationpagename, jenkinsgroup, jenkinsprojectname ) VALUES
(0, 0, 5566, 'e-shop website checkout microfrontend', 2, '', '', '', '', '', ''),
(1, 0, 4456, 'e-shop website checkout BFF', 1, '', '', '', '', '', ''),
(2, 0, 6674, 'e-shop website checkout payment microservice', 0, '', '', '', '', '', ''),
(3, 0, 5566, 'e-shop website product listing microfrontend', 2, '', '', '', '', '', ''),
(4, 0, 4456, 'e-shop website product listing  BFF', 1, '', '', '', '', '', ''),
(5, 0, 6674, 'e-shop website product listing  payment microservice', 0, '', '', '', '', '', ''),
(6, 1, 7755, 'e-care website learning microfrontend', 2, '', '', '', '', '', ''),
(7, 1, 6574, 'e-care website learning BFF', 1, '', '', '', '', '', ''),
(8, 1, 8869, 'e-care website learning microservice', 0, '', '', '', '', '', ''),
(9, 1, 5674, 'e-care website self-service microfrontend', 2, '', '', '', '', '', ''),
(10, 1, 3756, 'e-care website self-service BFF', 1, '', '', '', '', '', ''),
(11, 1, 7539, 'e-care website self-service microservice', 0, '', '', '', '', '', ''),
(12, 1, 8433, 'e-care application self-service microfrontend', 2, '', '', '', '', '', '');

INSERT INTO ProductsProjects (productid, projectid) VALUES
(1, 0),
(1, 1),
(1, 2),
(1, 3),
(1, 4),
(1, 5),
(2, 6),
(2, 7),
(2, 8),
(2, 9),
(2, 10),
(2, 11),
(3, 12);

INSERT INTO EmployeeSkills ( employeeid, skillid, knowledgelevelid, experiencerangeid ) VALUES
(1,1,2,2),
(1,2,3,5),
(1,3,1,2),
(1,4,3,3),
(1,5,1,3),
(1,6,1,1),
(1,7,2,2),
(1,8,4,3),
(1,9,4,4),
(1,10,2,5),
(1,11,3,3),
(1,12,1,2),
(1,13,2,4),
(1,14,4,4),
(1,15,5,5),
(1,16,5,5),
(1,17,4,3),
(1,18,5,3),

(2,1,2,2),
(2,2,3,5),
(2,3,1,2),
(2,4,3,3),
(2,5,1,3),
(2,6,1,1),
(2,7,2,2),
(2,8,4,3),
(2,9,4,4),
(2,10,2,5),
(2,11,3,3),
(2,12,1,2),
(2,13,2,4),
(2,14,4,4),
(2,15,5,5),
(2,16,5,5),
(2,17,4,3),
(2,18,5,3),

(3,1,2,2),
(3,2,3,5),
(3,3,1,2),
(3,4,3,3),
(3,5,1,3),
(3,6,1,1),
(3,7,2,2),
(3,8,4,3),
(3,9,4,4),
(3,10,2,5),
(3,11,3,3),
(3,12,1,2),
(3,13,2,4),
(3,14,4,4),
(3,15,5,5),
(3,16,5,5),
(3,17,4,3),
(3,18,5,3),

(4,1,2,2),
(4,2,3,5),
(4,3,1,2),
(4,4,3,3),
(4,5,1,3),
(4,6,1,1),
(4,7,2,2),
(4,8,4,3),
(4,9,4,4),
(4,10,2,5),
(4,11,3,3),
(4,12,1,2),
(4,13,2,4),
(4,14,4,4),
(4,15,5,5),
(4,16,5,5),
(4,17,4,3),
(4,18,5,3),

(5,1,2,2),
(5,2,3,5),
(5,3,1,2),
(5,4,3,3),
(5,5,1,3),
(5,6,1,1),
(5,7,2,2),
(5,8,4,3),
(5,9,4,4),
(5,10,2,5),
(5,11,3,3),
(5,12,1,2),
(5,13,2,4),
(5,14,4,4),
(5,15,5,5),
(5,16,5,5),
(5,17,4,3),
(5,18,5,3),

(6,1,2,2),
(6,2,3,5),
(6,3,1,2),
(6,4,3,3),
(6,5,1,3),
(6,6,1,1),
(6,7,2,2),
(6,8,4,3),
(6,9,4,4),
(6,10,2,5),
(6,11,3,3),
(6,12,1,2),
(6,13,2,4),
(6,14,4,4),
(6,15,5,5),
(6,16,5,5),
(6,17,4,3),
(6,18,5,3),

(7,1,2,2),
(7,2,3,5),
(7,3,1,2),
(7,4,3,3),
(7,5,1,3),
(7,6,1,1),
(7,7,2,2),
(7,8,4,3),
(7,9,4,4),
(7,10,2,5),
(7,11,3,3),
(7,12,1,2),
(7,13,2,4),
(7,14,4,4),
(7,15,5,5),
(7,16,5,5),
(7,17,4,3),
(7,18,5,3),

(8,1,2,2),
(8,2,3,5),
(8,3,1,2),
(8,4,3,3),
(8,5,1,3),
(8,6,1,1),
(8,7,2,2),
(8,8,4,3),
(8,9,4,4),
(8,10,2,5),
(8,11,3,3),
(8,12,1,2),
(8,13,2,4),
(8,14,4,4),
(8,15,5,5),
(8,16,5,5),
(8,17,4,3),
(8,18,5,3),

(9,1,2,2),
(9,2,3,5),
(9,3,1,2),
(9,4,3,3),
(9,5,1,3),
(9,6,1,1),
(9,7,2,2),
(9,8,4,3),
(9,9,4,4),
(9,10,2,5),
(9,11,3,3),
(9,12,1,2),
(9,13,2,4),
(9,14,4,4),
(9,15,5,5),
(9,16,5,5),
(9,17,4,3),
(9,18,5,3),

(10,1,2,2),
(10,2,3,5),
(10,3,1,2),
(10,4,3,3),
(10,5,1,3),
(10,6,1,1),
(10,7,2,2),
(10,8,4,3),
(10,9,4,4),
(10,10,2,5),
(10,11,3,3),
(10,12,1,2),
(10,13,2,4),
(10,14,4,4),
(10,15,5,5),
(10,16,5,5),
(10,17,4,3),
(10,18,5,3),

(11,1,2,2),
(11,2,3,5),
(11,3,1,2),
(11,4,3,3),
(11,5,1,3),
(11,6,1,1),
(11,7,2,2),
(11,8,4,3),
(11,9,4,4),
(11,10,2,5),
(11,11,3,3),
(11,12,1,2),
(11,13,2,4),
(11,14,4,4),
(11,15,5,5),
(11,16,5,5),
(11,17,4,3),
(11,18,5,3),

(12,1,2,2),
(12,2,3,5),
(12,3,1,2),
(12,4,3,3),
(12,5,1,3),
(12,6,1,1),
(12,7,2,2),
(12,8,4,3),
(12,9,4,4),
(12,10,2,5),
(12,11,3,3),
(12,12,1,2),
(12,13,2,4),
(12,14,4,4),
(12,15,5,5),
(12,16,5,5),
(12,17,4,3),
(12,18,5,3),

(13,1,2,2),
(13,2,3,5),
(13,3,1,2),
(13,4,3,3),
(13,5,1,3),
(13,6,1,1),
(13,7,2,2),
(13,8,4,3),
(13,9,4,4),
(13,10,2,5),
(13,11,3,3),
(13,12,1,2),
(13,13,2,4),
(13,14,4,4),
(13,15,5,5),
(13,16,5,5),
(13,17,4,3),
(13,18,5,3),

(14,1,2,2),
(14,2,3,5),
(14,3,1,2),
(14,4,3,3),
(14,5,1,3),
(14,6,1,1),
(14,7,2,2),
(14,8,4,3),
(14,9,4,4),
(14,10,2,5),
(14,11,3,3),
(14,12,1,2),
(14,13,2,4),
(14,14,4,4),
(14,15,5,5),
(14,16,5,5),
(14,17,4,3),
(14,18,5,3),


(15,1,2,2),
(15,2,3,5),
(15,3,1,2),
(15,4,3,3),
(15,5,1,3),
(15,6,1,1),
(15,7,2,2),
(15,8,4,3),
(15,9,4,4),
(15,10,2,5),
(15,11,3,3),
(15,12,1,2),
(15,13,2,4),
(15,14,4,4),
(15,15,5,5),
(15,16,5,5),
(15,17,4,3),
(15,18,5,3),

(16,1,2,2),
(16,2,3,5),
(16,3,1,2),
(16,4,3,3),
(16,5,1,3),
(16,6,1,1),
(16,7,2,2),
(16,8,4,3),
(16,9,4,4),
(16,10,2,5),
(16,11,3,3),
(16,12,1,2),
(16,13,2,4),
(16,14,4,4),
(16,15,5,5),
(16,16,5,5),
(16,17,4,3),
(16,18,5,3),

(17,1,2,2),
(17,2,3,5),
(17,3,1,2),
(17,4,3,3),
(17,5,1,3),
(17,6,1,1),
(17,7,2,2),
(17,8,4,3),
(17,9,4,4),
(17,10,2,5),
(17,11,3,3),
(17,12,1,2),
(17,13,2,4),
(17,14,4,4),
(17,15,5,5),
(17,16,5,5),
(17,17,4,3),
(17,18,5,3),

(18,1,2,2),
(18,2,3,5),
(18,3,1,2),
(18,4,3,3),
(18,5,1,3),
(18,6,1,1),
(18,7,2,2),
(18,8,4,3),
(18,9,4,4),
(18,10,2,5),
(18,11,3,3),
(18,12,1,2),
(18,13,2,4),
(18,14,4,4),
(18,15,5,5),
(18,16,5,5),
(18,17,4,3),
(18,18,5,3),

(19,1,2,2),
(19,2,3,5),
(19,3,1,2),
(19,4,3,3),
(19,5,1,3),
(19,6,1,1),
(19,7,2,2),
(19,8,4,3),
(19,9,4,4),
(19,10,2,5),
(19,11,3,3),
(19,12,1,2),
(19,13,2,4),
(19,14,4,4),
(19,15,5,5),
(19,16,5,5),
(19,17,4,3),
(19,18,5,3),

(20,1,2,2),
(20,2,3,5),
(20,3,1,2),
(20,4,3,3),
(20,5,1,3),
(20,6,1,1),
(20,7,2,2),
(20,8,4,3),
(20,9,4,4),
(20,10,2,5),
(20,11,3,3),
(20,12,1,2),
(20,13,2,4),
(20,14,4,4),
(20,15,5,5),
(20,16,5,5),
(20,17,4,3),
(20,18,5,3),

(21,1,2,2),
(21,2,3,5),
(21,3,1,2),
(21,4,3,3),
(21,5,1,3),
(21,6,1,1),
(21,7,2,2),
(21,8,4,3),
(21,9,4,4),
(21,10,2,5),
(21,11,3,3),
(21,12,1,2),
(21,13,2,4),
(21,14,4,4),
(21,15,5,5),
(21,16,5,5),
(21,17,4,3),
(21,18,5,3),

(22,1,2,2),
(22,2,3,5),
(22,3,1,2),
(22,4,3,3),
(22,5,1,3),
(22,6,1,1),
(22,7,2,2),
(22,8,4,3),
(22,9,4,4),
(22,10,2,5),
(22,11,3,3),
(22,12,1,2),
(22,13,2,4),
(22,14,4,4),
(22,15,5,5),
(22,16,5,5),
(22,17,4,3),
(22,18,5,3),

(23,1,2,2),
(23,2,3,5),
(23,3,1,2),
(23,4,3,3),
(23,5,1,3),
(23,6,1,1),
(23,7,2,2),
(23,8,4,3),
(23,9,4,4),
(23,10,2,5),
(23,11,3,3),
(23,12,1,2),
(23,13,2,4),
(23,14,4,4),
(23,15,5,5),
(23,16,5,5),
(23,17,4,3),
(23,18,5,3),

(24,1,2,2),
(24,2,3,5),
(24,3,1,2),
(24,4,3,3),
(24,5,1,3),
(24,6,1,1),
(24,7,2,2),
(24,8,4,3),
(24,9,4,4),
(24,10,2,5),
(24,11,3,3),
(24,12,1,2),
(24,13,2,4),
(24,14,4,4),
(24,15,5,5),
(24,16,5,5),
(24,17,4,3),
(24,18,5,3),

(25,1,2,2),
(25,2,3,5),
(25,3,1,2),
(25,4,3,3),
(25,5,1,3),
(25,6,1,1),
(25,7,2,2),
(25,8,4,3),
(25,9,4,4),
(25,10,2,5),
(25,11,3,3),
(25,12,1,2),
(25,13,2,4),
(25,14,4,4),
(25,15,5,5),
(25,16,5,5),
(25,17,4,3),
(25,18,5,3);